{"Discounted Reward": 0.9103994607503069, "_timestamp": 1654804568, "_runtime": 285, "_step": 99, "Training reward": 0.9103994607455661, "training reward moving average": 0.8472349514836305, "_wandb": {"runtime": 284}}