{"Discounted Reward": 0.2793903462508962, "_timestamp": 1654820408, "_runtime": 817, "_step": 99, "Training reward": 0.05119768891453447, "training reward moving average": 0.2645025569738853, "_wandb": {"runtime": 817}}