{"Discounted Reward": 0.24389654890006915, "_timestamp": 1654804250, "_runtime": 8, "_step": 3, "Training reward": 0.2438965488951439, "training reward moving average": 0}