{"Discounted Reward": 0.9636941995256469, "_timestamp": 1654817323, "_runtime": 887, "_step": 99, "Training reward": 0.9636941995178105, "training reward moving average": 0.6877694089557159, "_wandb": {"runtime": 883}}