{"Discounted Reward": 0.7247761680702345, "_timestamp": 1655138618, "_runtime": 694, "_step": 99, "Training reward": 0.3656472960435835, "training reward moving average": 0.550895122909685, "_wandb": {"runtime": 694}}