{"Discounted Reward": 33.19509011408641, "_timestamp": 1654803469, "_runtime": 221, "_step": 99, "Training reward": 1.1758532575143903, "training reward moving average": 0.6210515419083324, "_wandb": {"runtime": 220}}