{"Discounted Reward": 10.907042680000002, "_timestamp": 1654722225, "_runtime": 58, "_step": 47, "Training reward": 2.8000000000000114, "training reward moving average": 2.219106811846362}