{"Discounted Reward": 34.48548057648152, "_timestamp": 1655158139, "_runtime": 426, "_step": 99, "Training reward": 1.1193097605991902, "training reward moving average": 0.8037528567155164, "_wandb": {"runtime": 426}}