{"Discounted Reward": 0.7077630301879994, "_timestamp": 1654544013, "_runtime": 1332, "_step": 99, "Training reward": 0.7077630298242639, "training reward moving average": 0.44170677638650585, "_wandb": {"runtime": 1333}}