{"Discounted Reward": 0.7274473417134466, "_timestamp": 1655489990, "_runtime": 9, "_step": 99, "Training reward": 0.4382212901888233, "training reward moving average": 2.2273639809902415, "_wandb": {"runtime": 10}}