{"Discounted Reward": 0.27280143802448376, "_timestamp": 1654546400, "_runtime": 31, "_step": 1, "Training reward": 0.2728014378367334, "training reward moving average": 0}