{"Discounted Reward": 0.8637638053410704, "_timestamp": 1654801823, "_runtime": 539, "_step": 99, "Training reward": 0.8637638053389196, "training reward moving average": 0.5832064642248432, "_wandb": {"runtime": 540}}