{"Discounted Reward": 11.955980983826032, "_timestamp": 1655487161, "_runtime": 17, "_step": 99, "Training reward": 2.5376907881777595, "training reward moving average": 2.906461474150187, "_wandb": {"runtime": 17}}