{"Discounted Reward": 0.29205904356938467, "_timestamp": 1655410983, "_runtime": 753, "_step": 99, "Training reward": 0.0323078556293126, "training reward moving average": 0.2688470419986402, "_wandb": {"runtime": 754}}