{"Discounted Reward": 0.45179378520806346, "_timestamp": 1654814762, "_runtime": 728, "_step": 99, "Training reward": 0.45179378520316504, "training reward moving average": 0.5905544328248311, "_wandb": {"runtime": 730}}