{"Discounted Reward": 0.2233421894679248, "_timestamp": 1655327861, "_runtime": 699, "_step": 99, "Training reward": 0.11710535154662693, "training reward moving average": 0.38543872017592584, "_wandb": {"runtime": 700}}