{"Discounted Reward": 20.18010527301502, "_timestamp": 1654789572, "_runtime": 589, "_step": 99, "Training reward": 2.1555555555559067, "training reward moving average": 1.2408479047874974, "_wandb": {"runtime": 589}}