{"Discounted Reward": 0.8605507167521934, "_timestamp": 1654812044, "_runtime": 136, "_step": 17, "Training reward": 0.4366222161321289, "training reward moving average": 0}